{
    "display": {
        "title": "Hanas Datapacks",
        "frame": "challenge",
        "description": [
            "",
            {
                "text": "All loaded Hanas datapacks\n",
                "color": "#AB4934"
            },
            {
                "text": "discord.gg/9QCAgDKtZJ",
                "color": "#035AEF"
            }
        ],
        "icon": {
            "id": "minecraft:player_head",
			"components": {
				"minecraft:profile": "BaLLducked"
			}
        },
        "background": "minecraft:textures/block/gray_concrete.png",
        "show_toast": false,
        "announce_to_chat": false
    },
    "criteria": {
        "tick": {
            "trigger": "minecraft:tick"
        }
    }
}