{
	"description": {
		"translate": "enchantment.ballducked.arrow_barrage",
        "fallback": "Arrow Barrage",
        "color": "#be963f"
	},
	"exclusive_set": "#hanas_enchantments:exclusive_set/all_bows",
	"supported_items": "#hanas_enchantments:all_bows",
    "primary_items": "#hanas_enchantments:all_bows",
	"weight": 2,
	"max_level": 5,
	"min_cost": {
		"base": 25,
		"per_level_above_first": 0
	},
	"max_cost": {
		"base": 55,
		"per_level_above_first": 0
	},
	"anvil_cost": 10,
	"slots": [
		"mainhand"
	],
	"effects": {
		"minecraft:ammo_use": [
			{
				"effect": {
					"type": "minecraft:set",
					"value": {
                        "type": "minecraft:linear",
                        "base": 1,
                        "per_level_above_first": 1
                    }
				},
				"requirements": {
					"condition": "minecraft:match_tool",
					"predicate": {
						"items": "minecraft:arrow"
					}
				}
			}
		],
		"minecraft:projectile_count": [
			{
                "effect": {
                    "type": "minecraft:add",
                    "value": {
                        "type": "minecraft:linear",
                        "base": 1,
                        "per_level_above_first": 1
                    }
                }
            }
		],
		"minecraft:crossbow_charge_time": {
			"type": "minecraft:add",
			"value": {
				"type": "minecraft:linear",
				"base": 0.5,
				"per_level_above_first": 0.25
			}
		},
        "minecraft:projectile_spread": [
            {
                "effect": {
                    "type": "minecraft:add",
                    "value": {
                        "type": "minecraft:linear",
                        "base": 1,
                        "per_level_above_first": 2
                    }
                },
				"requirements": [
					{
						"condition": "minecraft:entity_properties",
						"entity": "this",
						"predicate": {
							"slots": {
								"weapon.mainhand": {
									"components": {
										"enchantments": {
											"minecraft:multishot": 1
										}
									}
								}
							}
						}
					}
				]
            }
        ]
	}
}
