{
	"description": {
		"translate": "enchantment.ballducked.frost_thorn",
		"fallback": "Frost Thorns",
		"color": "#aef4f8"
	},
	"supported_items": "#minecraft:enchantable/chest_armor",
	"primary_items": "#minecraft:enchantable/chest_armor",
	"weight": 1,
	"max_level": 5,
	"min_cost": {
		"base": 50,
		"per_level_above_first": 0
	},
	"max_cost": {
		"base": 10,
		"per_level_above_first": 20
	},
	"anvil_cost": 8,
	"slots": [
		"chest"
	],
	"effects": {
		"minecraft:post_attack": [
			{
				"enchanted": "victim",
				"affected": "attacker",
				"effect": {
					"type": "minecraft:damage_entity",
					"damage_type": "minecraft:thorns",
					"min_damage": 2,
					"max_damage": 5
				}
			},
			{
				"enchanted": "victim",
				"affected": "victim",
				"effect": {
					"type": "minecraft:all_of",
					"effects": [
						{
							"type": "minecraft:damage_item",
							"amount": {
								"type": "minecraft:linear",
								"base": 0.15,
								"per_level_above_first": 0
							}
						}
					]
				}
			},
			{
				"enchanted": "victim",
				"affected": "attacker",
				"effect": {
					"type": "minecraft:apply_mob_effect",
					"to_apply": "minecraft:slowness",
					"min_duration": {
						"type": "minecraft:linear",
						"base": 5,
						"per_level_above_first": 20
					},
					"max_duration": {
						"type": "minecraft:linear",
						"base": 20,
						"per_level_above_first": 25
					},
					"min_amplifier": {
						"type": "minecraft:linear",
						"base": 0,
						"per_level_above_first": 0.25
					},
					"max_amplifier": {
						"type": "minecraft:linear",
						"base": 1,
						"per_level_above_first": 0.5
					}
				}
			}
		],
		"minecraft:tick": [
			{
				"effect": {
					"type": "minecraft:spawn_particles",
					"particle": {
						"type": "minecraft:snowflake"
					},
					"horizontal_position": {
						"type": "in_bounding_box",
						"offset": 0,
						"scale": 2
					},
					"vertical_position": {
						"type": "in_bounding_box",
						"offset": 1,
						"scale": 2
					},
					"horizontal_velocity": {
						"base": 0,
						"movement_scale": 0
					},
					"vertical_velocity": {
						"base": 0.5,
						"movement_scale": 0
					},
					"speed": 0.25
				},
				"requirements": [
					{
						"condition": "minecraft:entity_properties",
						"entity": "this",
						"predicate": {
							"periodic_tick": 15
						}
					},
					{
						"condition": "minecraft:random_chance",
						"chance": 0.75
					}
				]
			}
		]
	}
}