{
	"description": {
		"translate": "enchantment.ballducked.sonic_blast",
		"fallback": "Sonic Blast",
		"color": "#5a4dcc"
	},
	"supported_items": "#hanas_enchantments:all_bows",
	"primary_items": "#hanas_enchantments:all_bows",
	"weight": 1,
	"max_level": 1,
	"min_cost": {
		"base": 1,
		"per_level_above_first": 1
	},
	"max_cost": {
		"base": 1,
		"per_level_above_first": 1
	},
	"anvil_cost": 8,
	"slots": [
		"mainhand",
        "offhand"
	],
	"effects": {
        "minecraft:damage": [
            {
                "effect": {
                    "type": "minecraft:add",
                    "value": 4
                }
            }
        ],
		"minecraft:post_attack": [
			{
				"enchanted": "attacker",
				"affected": "victim",
				"effect": {
					"type": "minecraft:explode",
					"damage_type": "minecraft:explosion",
					"radius": {
						"type": "minecraft:linear",
						"base": 0.75,
						"per_level_above_first": 0
					},
					"offset": [
						0,
						0.75,
						0
					],
					"block_interaction": "none",
					"small_particle": {
						"type": "minecraft:sonic_boom"
					},
					"large_particle": {
						"type": "minecraft:sonic_boom"
					},
					"sound": {
						"sound_id": "minecraft:entity.warden.sonic_boom",
						"range": 16
					},
					"knockback_multiplier": {
						"type": "minecraft:linear",
						"base": 1,
						"per_level_above_first": 0
					},
					"attribute_to_user": true
				},
				"requirements": {
					"condition": "minecraft:entity_properties",
					"entity": "direct_attacker",
					"predicate": {
						"type": "#minecraft:impact_projectiles"
					}
				}
			}
		],
		"minecraft:hit_block": [
			{
				"effect": {
					"type": "minecraft:explode",
					"damage_type": "minecraft:explosion",
					"radius": {
						"type": "minecraft:linear",
						"base": 0.75,
						"per_level_above_first": 0
					},
					"offset": [
						0,
						0.5,
						0
					],
					"block_interaction": "none",
					"small_particle": {
						"type": "minecraft:sonic_boom"
					},
					"large_particle": {
						"type": "minecraft:sonic_boom"
					},
					"sound": {
						"sound_id": "minecraft:entity.warden.sonic_boom",
						"range": 16
					},
					"immune_blocks": "#minecraft:blocks_wind_charge_explosions",
					"knockback_multiplier": {
						"type": "minecraft:linear",
						"base": 0.5,
						"per_level_above_first": 0
					}
				},
				"requirements": {
					"condition": "minecraft:entity_properties",
					"entity": "this",
					"predicate": {
						"type": "#minecraft:impact_projectiles"
					}
				}
			}
		]
	}
}
