{
    "description": {
        "translate": "enchantment.ballducked.curse_of_lead_foot",
        "fallback": "Curse of Lead Foot",
        "color": "#dc143c"
    },
    "supported_items": "#minecraft:enchantable/foot_armor",
    "primary_items": "#minecraft:enchantable/foot_armor",
    "weight": 5,
    "max_level": 2,
    "min_cost": {
        "base": 20,
        "per_level_above_first": 10
    },
    "max_cost": {
        "base": 30,
        "per_level_above_first": 10
    },
    "anvil_cost": 4,
    "slots": [
        "feet"
    ],
    "effects": {
        "attributes": [
            {
				"id": "this",
				"attribute": "minecraft:generic.jump_strength",
				"amount": {
					"type": "minecraft:levels_squared",
                    "added": -4.35
				},
                "operation": "add_multiplied_base"
			}
        ]
    }
}