{
    "description": {
        "translate": "enchantment.ballducked.cleaving",
        "fallback": "Chopping",
        "color": "#631255"
    },
    "supported_items": "#hanas_enchantments:all_axes",
    "weight": 15,
    "max_level": 5,
    "min_cost": {
        "base": 1,
        "per_level_above_first": 8
    },
    "max_cost": {
        "base": 50,
        "per_level_above_first": 8
    },
    "anvil_cost": 8,
    "slots": [
        "mainhand"
    ],
    "effects": {
        "minecraft:attributes": [
            {
                "amount": {
                    "type": "minecraft:linear",
                    "base": 1.0,
                    "per_level_above_first": 1.5
                },
                "attribute": "minecraft:player.mining_efficiency",
                "id": "ballducked:enchantment.chopping",
                "operation": "add_value"
            }
        ]
    }
}
