{
	"description": {
		"translate": "ballducked.curse_of_dull",
		"fallback": "Curse of Dulling",
		"color": "#dc143c"
	},
	"supported_items": "#hanas_enchantments:weapons",
	"weight": 5,
	"max_level": 3,
	"min_cost": {
		"base": 25,
		"per_level_above_first": 5
	},
	"max_cost": {
		"base": 50,
		"per_level_above_first": 5
	},
	"anvil_cost": 8,
	"slots": [
		"any"
	],
	"effects": {
		"minecraft:post_attack": [
			{
				"enchanted": "attacker",
				"affected": "attacker",
				"effect": {
					"type": "minecraft:damage_item",
					"amount": {
						"type": "minecraft:clamped",
						"value": {
							"type": "minecraft:linear",
							"base": 50,
							"per_level_above_first": 25
						},
						"min": 50,
						"max": 100
					}
				}
			}
		]
	}
}
