{
	"description": {
		"translate": "enchantment.ballducked.fart",
		"fallback": "Fart",
		"color": "#532626",
		"hoverEvent": {
			"action": "show_text",
			"contents": "You're disgusting"
		}
	},
	"supported_items": "#minecraft:leg_armor",
	"primary_items": "#minecraft:leg_armor",
	"weight": 1,
	"max_level": 1,
	"min_cost": {
		"base": 1,
		"per_level_above_first": 0
	},
	"max_cost": {
		"base": 5,
		"per_level_above_first": 0
	},
	"anvil_cost": 1,
	"slots": [
		"legs"
	],
	"effects": {
		"minecraft:tick": [
			{
				"effect": {
					"type": "minecraft:play_sound",
					"sound": "minecraft:block.honey_block.step",
					"volume": 1.0,
					"pitch": 1.0
				},
                "requirements": [
					{
						"condition": "minecraft:all_of",
						"terms": [
							{
								"condition": "minecraft:entity_properties",
								"entity": "this",
								"predicate": {
									"flags": {
										"is_on_ground": true,
										"is_sneaking": true
									},
									"periodic_tick": 20
								}
							}
						]
					}
				]
			},
			{
				"effect": {
					"type": "minecraft:spawn_particles",
					"particle": {
						"type": "minecraft:bubble_pop"
					},
					"horizontal_position": {
						"type": "in_bounding_box",
						"offset": 0.5,
						"scale": 0.5
					},
					"vertical_position": {
						"type": "in_bounding_box",
						"offset": -0.5,
						"scale": 0.5
					},
					"horizontal_velocity": {
						"base": 0.5,
						"movement_scale": 0.25
					},
					"vertical_velocity": {
						"base": 0,
						"movement_scale": 0
					},
					"speed": 0.25
				},
				"requirements": [
					{
						"condition": "minecraft:all_of",
						"terms": [
							{
								"condition": "minecraft:entity_properties",
								"entity": "this",
								"predicate": {
									"flags": {
										"is_on_ground": true,
										"is_sneaking": true
									},
									"periodic_tick": 20
								}
							}
						]
					}
				]
			}
		]
	}
}
