{
    "description": {
        "translate": "enchantment.ballducked.player_slayer",
        "fallback": "Player Slayer",
        "color": "#4d1414"
    },
    "supported_items": "#hanas_enchantments:weapons",
    "primary_items": "#minecraft:enchantable/weapon",
    "weight": 20,
    "max_level": 3,
    "min_cost": {
        "base": 30,
        "per_level_above_first": 10
    },
    "max_cost": {
        "base": 60,
        "per_level_above_first": 10
    },
    "anvil_cost": 10,
    "slots": [
        "mainhand"
    ],
    "effects": {
        "minecraft:post_attack": [
            {
                "enchanted": "attacker",
                "affected": "victim",
                "effect": {
                    "type": "minecraft:all_of",
                    "effects": [
                        {
                            "type": "minecraft:damage_entity",
                            "damage_type": "minecraft:player_attack",
                            "min_damage":  {
                                "type": "minecraft:linear",
                                "base": 1,
                                "per_level_above_first": 1
                            },
                            "max_damage": {
                                "type": "minecraft:linear",
                                "base": 1,
                                "per_level_above_first": 1
                            }
                        },
                        {
                            "type": "minecraft:apply_mob_effect",
                            "to_apply": "minecraft:wither",
                            "min_duration": 5,
                            "max_duration": 5,
                            "min_amplifier": 1,
                            "max_amplifier": {
                                "type": "minecraft:levels_squared",
                                "added": 1
                            }
                        }
                    ]
                },
                "requirements": [
                    {
                        "condition": "minecraft:entity_properties",
                        "entity": "this",
                        "predicate": {
                            "targeted_entity": {
                                "type": "minecraft:player",
                                "periodic_tick": 10
                            }
                        }
                    }
                ]
            }
        ],
        "armor_effectiveness": [
            {
                "effect": {
                    "type": "remove_binomial",
                    "chance": 1
                }
            }
        ]
    }
}