{
	"description": {
		"translate": "enchantment.ballducked.swift",
		"fallback": "Swift",
		"color": "#e0e96b"
	},
	"supported_items": "#minecraft:enchantable/foot_armor",
	"weight": 5,
	"max_level": 2,
	"min_cost": {
		"base": 1,
		"per_level_above_first": 5
	},
	"max_cost": {
		"base": 12,
		"per_level_above_first": 5
	},
	"anvil_cost": 8,
	"slots": [
		"feet"
	],
	"effects": {
		"attributes": [
            {
                "id": "this",
                "attribute": "generic.movement_speed",
                "operation": "add_multiplied_total",
                "amount": {
                    "type": "minecraft:linear",
                    "base": 0.25,
                    "per_level_above_first": 0.25
                }
            }
        ]
	}
}
