{
	"description": {
		"translate": "enchantment.hanas_enchantments.frost_thorn",
		"fallback": "Frost Thorns",
		"color": "#e7feff"
	},
	"supported_items": "#minecraft:enchantable/chest_armor",
	"primary_items": "#minecraft:enchantable/chest_armor",
	"weight": 1,
	"max_level": 5,
	"min_cost": {
		"base": 50,
		"per_level_above_first": 0
	},
	"max_cost": {
		"base": 10,
		"per_level_above_first": 20
	},
	"anvil_cost": 8,
    "slots": [
		"chest"
	],
    "effects": {
		"minecraft:post_attack": [
			{
				"enchanted": "victim",
				"affected": "attacker",
				"effect": {
					"type": "minecraft:damage_entity",
					"damage_type": "minecraft:thorns",
					"min_damage": 2,
					"max_damage": 5
				}
			},
			{
				"enchanted": "victim",
				"affected": "victim",
				"effect": {
					"type": "minecraft:all_of",
					"effects": [
						{
							"type": "minecraft:damage_item",
							"amount": {
								"type": "minecraft:linear",
								"base": 0.15,
								"per_level_above_first": 0
							}
						}
					]
				}
			},
			{
				"enchanted": "victim",
				"affected": "attacker",
				"effect": {
					"type": "minecraft:apply_mob_effect",
					"to_apply": "minecraft:slowness",
					"min_duration": {
						"type": "minecraft:linear",
						"base": 20,
						"per_level_above_first": 20
					},
					"max_duration": {
						"type": "minecraft:linear",
						"base": 25,
						"per_level_above_first": 15
					},
					"min_amplifier": {
						"type": "minecraft:linear",
						"base": 1,
						"per_level_above_first": 0.25
					},
					"max_amplifier": 2
				}
			},
			{
				"enchanted": "victim",
				"affected": "victim",
				"effect": {
					"type": "minecraft:summon_entity",
					"entity": "minecraft:area_effect_cloud"
				},
				"requirements": {
					"condition": "minecraft:entity_properties",
					"entity": "this",
					"predicate": {
						"nbt": "{Particle:{type:snowflake},Radius:5,Duration:200}"
					}
				}
			}
		]
	}
}