{
    "anvil_cost": 8,
    "description": {
      "translate": "enchantment.minecraft.infinity",
      "color": "#7e7e7e"
    },
    "effects": {
      "minecraft:ammo_use": [
        {
          "effect": {
            "type": "minecraft:set",
            "value": 0.0
          },
          "requirements": {
            "condition": "minecraft:match_tool",
            "predicate": {
              "items": "minecraft:arrow"
            }
          }
        }
      ]
    },
    "max_cost": {
      "base": 50,
      "per_level_above_first": 0
    },
    "max_level": 1,
    "min_cost": {
      "base": 20,
      "per_level_above_first": 0
    },
    "slots": [
      "mainhand",
      "offhand"
    ],
    "supported_items": "#hanas_enchantments:all_bows",
    "exclusive_set": "#hanas_enchantments:exclusive_set/all_bows",
    "weight": 1
  }